{"nodes": [{"data": {"id": "Q99234", "label": "Q99234"}}, {"data": {"id": "Q12260", "label": "Q12260"}}, {"data": {"id": "Q99231", "label": "Q99231"}}, {"data": {"id": "P40016", "label": "P40016"}}, {"data": {"id": "P0CE68", "label": "P0CE68"}}, {"data": {"id": "Q12436", "label": "Q12436"}}, {"data": {"id": "P40556", "label": "P40556"}}, {"data": {"id": "P40550", "label": "P40550"}}, {"data": {"id": "Q12060", "label": "Q12060"}}, {"data": {"id": "P40090", "label": "P40090"}}, {"data": {"id": "P23060", "label": "P23060"}}, {"data": {"id": "P25371", "label": "P25371"}}, {"data": {"id": "P02994", "label": "P02994"}}, {"data": {"id": "P31385", "label": "P31385"}}, {"data": {"id": "P36142", "label": "P36142"}}, {"data": {"id": "Q03759", "label": "Q03759"}}, {"data": {"id": "P39722", "label": "P39722"}}, {"data": {"id": "P25637", "label": "P25637"}}, {"data": {"id": "P46983", "label": "P46983"}}, {"data": {"id": "Q12378", "label": "Q12378"}}, {"data": {"id": "P22224", "label": "P22224"}}, {"data": {"id": "P35056", "label": "P35056"}}, {"data": {"id": "P25348", "label": "P25348"}}, {"data": {"id": "Q03290", "label": "Q03290"}}, {"data": {"id": "P39076", "label": "P39076"}}, {"data": {"id": "P46988", "label": "P46988"}}, {"data": {"id": "P43572", "label": "P43572"}}, {"data": {"id": "Q04921", "label": "Q04921"}}, {"data": {"id": "Q12080", "label": "Q12080"}}, {"data": {"id": "P40850", "label": "P40850"}}, {"data": {"id": "Q08216", "label": "Q08216"}}, {"data": {"id": "P03873", "label": "P03873"}}, {"data": {"id": "Q04487", "label": "Q04487"}}, {"data": {"id": "Q6B0X2", "label": "Q6B0X2"}}, {"data": {"id": "P53898", "label": "P53898"}}, {"data": {"id": "Q04080", "label": "Q04080"}}, {"data": {"id": "P32875", "label": "P32875"}}, {"data": {"id": "P39715", "label": "P39715"}}, {"data": {"id": "Q03080", "label": "Q03080"}}, {"data": {"id": "Q12505", "label": "Q12505"}}, {"data": {"id": "Q99369", "label": "Q99369"}}, {"data": {"id": "P40047", "label": "P40047"}}, {"data": {"id": "P14904", "label": "P14904"}}, {"data": {"id": "P53194", "label": "P53194"}}, {"data": {"id": "P32588", "label": "P32588"}}, {"data": {"id": "Q12156", "label": "Q12156"}}, {"data": {"id": "P20107", "label": "P20107"}}, {"data": {"id": "P40993", "label": "P40993"}}, {"data": {"id": "P11412", "label": "P11412"}}, {"data": {"id": "Q03702", "label": "Q03702"}}, {"data": {"id": "P36074", "label": "P36074"}}, {"data": {"id": "P50111", "label": "P50111"}}, {"data": {"id": "P40095", "label": "P40095"}}, {"data": {"id": "Q03648", "label": "Q03648"}}, {"data": {"id": "P43622", "label": "P43622"}}, {"data": {"id": "P38922", "label": "P38922"}}, {"data": {"id": "Q03921", "label": "Q03921"}}, {"data": {"id": "Q03723", "label": "Q03723"}}, {"data": {"id": "P32606", "label": "P32606"}}, {"data": {"id": "P38859", "label": "P38859"}}, {"data": {"id": "P52492", "label": "P52492"}}, {"data": {"id": "P53427", "label": "P53427"}}, {"data": {"id": "P32353", "label": "P32353"}}, {"data": {"id": "P47001", "label": "P47001"}}, {"data": {"id": "P36084", "label": "P36084"}}, {"data": {"id": "P43132", "label": "P43132"}}, {"data": {"id": "P32907", "label": "P32907"}}, {"data": {"id": "P37267", "label": "P37267"}}, {"data": {"id": "P53321", "label": "P53321"}}, {"data": {"id": "P32529", "label": "P32529"}}, {"data": {"id": "P40466", "label": "P40466"}}, {"data": {"id": "Q02983", "label": "Q02983"}}, {"data": {"id": "P47111", "label": "P47111"}}, {"data": {"id": "P48164", "label": "P48164"}}, {"data": {"id": "P32328", "label": "P32328"}}, {"data": {"id": "P17157", "label": "P17157"}}, {"data": {"id": "Q8TGK9", "label": "Q8TGK9"}}, {"data": {"id": "P0CX31", "label": "P0CX31"}}, {"data": {"id": "P38220", "label": "P38220"}}, {"data": {"id": "Q06412", "label": "Q06412"}}, {"data": {"id": "P20840", "label": "P20840"}}, {"data": {"id": "P23394", "label": "P23394"}}, {"data": {"id": "P07250", "label": "P07250"}}, {"data": {"id": "Q07468", "label": "Q07468"}}, {"data": {"id": "P38988", "label": "P38988"}}, {"data": {"id": "A5Z2X5", "label": "A5Z2X5"}}, {"data": {"id": "NP_014296", "label": "NP_014296"}}, {"data": {"id": "P34246", "label": "P34246"}}, {"data": {"id": "P40000", "label": "P40000"}}, {"data": {"id": "P36516", "label": "P36516"}}, {"data": {"id": "O13564", "label": "O13564"}}, {"data": {"id": "P35202", "label": "P35202"}}, {"data": {"id": "P40319", "label": "P40319"}}, {"data": {"id": "P53192", "label": "P53192"}}, {"data": {"id": "O13568", "label": "O13568"}}, {"data": {"id": "P41948", "label": "P41948"}}, {"data": {"id": "Q01080", "label": "Q01080"}}, {"data": {"id": "P25368", "label": "P25368"}}, {"data": {"id": "P43557", "label": "P43557"}}, {"data": {"id": "P21373", "label": "P21373"}}], "edges": [{"data": {"source": "P40016", "id": "P40016P38922", "target": "P38922"}}, {"data": {"source": "P40016", "id": "P40016P39076", "target": "P39076"}}, {"data": {"source": "P0CE68", "id": "P0CE68P40550", "target": "P40550"}}, {"data": {"source": "Q12060", "id": "Q12060P17157", "target": "P17157"}}, {"data": {"source": "P40090", "id": "P40090P46988", "target": "P46988"}}, {"data": {"source": "P02994", "id": "P02994P32328", "target": "P32328"}}, {"data": {"source": "P02994", "id": "P02994P52492", "target": "P52492"}}, {"data": {"source": "P02994", "id": "P02994P25368", "target": "P25368"}}, {"data": {"source": "P02994", "id": "P02994P17157", "target": "P17157"}}, {"data": {"source": "P02994", "id": "P02994P25637", "target": "P25637"}}, {"data": {"source": "P02994", "id": "P02994P40319", "target": "P40319"}}, {"data": {"source": "P02994", "id": "P02994P39076", "target": "P39076"}}, {"data": {"source": "P02994", "id": "P02994P0CX31", "target": "P0CX31"}}, {"data": {"source": "P25637", "id": "P25637P38922", "target": "P38922"}}, {"data": {"source": "P25637", "id": "P25637P46988", "target": "P46988"}}, {"data": {"source": "P25348", "id": "P25348P46988", "target": "P46988"}}, {"data": {"source": "P39076", "id": "P39076P53898", "target": "P53898"}}, {"data": {"source": "P39076", "id": "P39076P52492", "target": "P52492"}}, {"data": {"source": "P39076", "id": "P39076P53192", "target": "P53192"}}, {"data": {"source": "Q12080", "id": "Q12080P48164", "target": "P48164"}}, {"data": {"source": "Q12080", "id": "Q12080P43557", "target": "P43557"}}, {"data": {"source": "Q12080", "id": "Q12080NP_014296", "target": "NP_014296"}}, {"data": {"source": "Q12080", "id": "Q12080P17157", "target": "P17157"}}, {"data": {"source": "P40850", "id": "P40850P32328", "target": "P32328"}}, {"data": {"source": "P46988", "id": "P46988P47111", "target": "P47111"}}, {"data": {"source": "P46988", "id": "P46988P38922", "target": "P38922"}}, {"data": {"source": "P46988", "id": "P46988Q12505", "target": "Q12505"}}, {"data": {"source": "P46988", "id": "P46988P53898", "target": "P53898"}}, {"data": {"source": "P46988", "id": "P46988P40047", "target": "P40047"}}, {"data": {"source": "Q12505", "id": "Q12505P21373", "target": "P21373"}}, {"data": {"source": "P20107", "id": "P20107P48164", "target": "P48164"}}, {"data": {"source": "P32529", "id": "P32529Q01080", "target": "Q01080"}}, {"data": {"source": "P48164", "id": "P48164P0CX31", "target": "P0CX31"}}, {"data": {"source": "P17157", "id": "P17157P40319", "target": "P40319"}}, {"data": {"source": "P17157", "id": "P17157Q06412", "target": "Q06412"}}]}