{"nodes": [{"data": {"id": "P39969", "label": "P39969"}}, {"data": {"id": "P38041", "label": "P38041"}}, {"data": {"id": "P15891", "label": "P15891"}}, {"data": {"id": "P32793", "label": "P32793"}}, {"data": {"id": "P43603", "label": "P43603"}}], "edges": [{"data": {"source": "P39969", "id": "P39969P38041", "target": "P38041"}}, {"data": {"source": "P15891", "id": "P15891P32793", "target": "P32793"}}, {"data": {"source": "P15891", "id": "P15891P43603", "target": "P43603"}}, {"data": {"source": "P32793", "id": "P32793P43603", "target": "P43603"}}]}